No;Reason;Date;Time;RPM;PF;LChr;IL1;IL2;IL3;Mfrq;Vm1;Vm2;Vm3;Vm12;Vm23;Vm31;VBat;OilP;EngT;FLvl;AIN4;BIN;BOUT;Gfrq;Vg1;Vg2;Vg3;Vg12;Vg23;Vg31;Q;Pwr;Mode
0;Wrn MCB Fail;29.06.2002;04:32:01;0;0,00; ;0;0;0;50,0;231;0;0;0;0;0;20,7;3,6;50;53;#####;00000000 00000000;00010000 00000000;0,0;0;0;0;0;0;0;0;0;OFF
-1;Fault reset;29.06.2002;04:31:55;0;0,00; ;0;0;0;50,0;231;0;0;0;0;0;20,7;3,6;50;53;#####;00000000 00000000;00000010 00000000;0,0;0;0;0;0;0;0;0;0;OFF
-2;Terminal;29.06.2002;04:31:55;T=CELL 1 FaultReset command
-3;Wrn MCB Fail;29.06.2002;04:31:30;0;0,00; ;0;0;0;50,0;231;0;0;0;0;0;20,7;3,6;50;53;#####;00000000 00000000;00010000 00000000;0,0;0;0;0;0;0;0;0;0;OFF
-4;Fault reset;29.06.2002;04:31:24;0;0,00; ;0;0;0;50,0;232;0;0;0;0;0;20,7;3,6;50;53;#####;00000000 00000000;00000010 00000000;0,0;0;0;0;0;0;0;0;0;OFF
-5;Terminal;29.06.2002;04:31:24;T=CELL 1 FaultReset command
-6;Wrn MCB Fail;29.06.2002;04:30:00;0;0,00; ;0;0;0;50,0;231;0;0;0;0;0;20,7;3,6;50;53;#####;00000000 00000000;00010000 00000000;0,0;0;0;0;0;0;0;0;0;OFF
-7;Not Ready;29.06.2002;04:29:55;0;0,00; ;0;0;0;50,0;231;0;0;0;0;0;20,7;3,6;50;53;#####;00000000 00000000;00000000 00000000;0,0;0;0;0;0;0;0;0;0;OFF
-8;SetpointChange;29.06.2002;04:29:54;T=CELL 1 CON(8315)=0
-9;Ready;29.06.2002;04:29:04;0;0,00; ;0;0;0;50,0;231;0;0;0;0;0;20,7;3,6;50;53;#####;00000000 00000000;00000010 00000000;0,0;0;0;0;0;0;0;0;0;MAN
-10;Fault reset;29.06.2002;04:29:04;0;0,00; ;0;0;0;50,0;231;0;0;0;0;0;20,7;3,6;50;53;#####;00000000 00000000;00000010 00000000;0,0;0;0;0;0;0;0;0;0;MAN
-11;Terminal;29.06.2002;04:29:04;T=CELL 1 FaultReset command
-12;Not Ready;29.06.2002;04:26:44;0;0,00; ;0;0;0;50,1;231;0;0;0;0;0;20,7;3,6;50;53;#####;00000000 00000000;00000010 00000000;0,0;0;0;0;0;0;0;0;0;MAN
-13;GCB Opened;29.06.2002;04:26:42;356;0,00; ;0;0;0;50,0;225;0;0;0;0;0;20,7;3,6;50;53;#####;00000000 00000000;00000010 00000000;13,1;151;0;0;0;0;0;0;0;MAN
-14;Gen-set Stop;29.06.2002;04:26:42;370;0,00; ;0;0;0;50,0;233;0;0;0;0;0;20,7;3,6;50;53;#####;00000000 00000000;01100100 00000000;13,6;168;0;0;0;0;0;0;0;MAN
-15;Sd Underspeed;29.06.2002;04:26:42;370;0,00; ;0;0;0;50,1;236;0;0;0;0;0;20,7;3,6;50;53;#####;00000000 00000000;01100100 00000000;13,6;168;0;0;0;0;0;0;0;MAN
-16;Time Stamp;29.06.2002;04:00:00;1609;0,00; ;0;0;0;50,0;233;0;0;0;0;0;20,7;3,6;50;53;#####;00000000 00000000;01000100 00000000;53,6;231;0;0;0;0;0;0;0;MAN
-17;Running;29.06.2002;03:26:58;1626;0,00; ;0;0;0;50,0;233;0;0;0;0;0;20,7;3,6;50;53;#####;00000000 00000000;01000000 00000000;54,2;229;0;0;0;0;0;0;0;MAN
-18;Idle Run;29.06.2002;03:26:46;514;0,00; ;0;0;0;50,0;229;0;0;0;0;0;20,7;3,6;50;53;#####;00000000 00000000;01000000 00000000;0,0;203;0;0;0;0;0;0;0;MAN
-19;Manual Start;29.06.2002;03:26:44;0;0,00; ;0;0;0;50,0;232;0;0;0;0;0;20,7;3,6;50;53;#####;00000000 00000000;00000000 00000000;0,0;0;0;0;0;0;0;0;0;MAN
-20;Terminal;29.06.2002;03:26:44;T=CELL 1 Start command
-21;Ready;28.06.2002;05:57:47;0;0,00; ;0;0;0;50,0;232;0;0;0;0;0;20,8;3,6;49;52;#####;00000000 00000000;00000000 00000000;0,0;0;0;0;0;0;0;0;0;MAN
-22;Switched On;28.06.2002;05:57:46;System started
-23;Mains Underfrequency;28.06.2002;05:57:39;0;0,00; ;0;0;0;0,0;0;0;0;0;0;0;21,0;3,6;50;52;#####;00000000 00000000;00000010 00000000;0,0;0;0;0;0;0;0;0;0;MAN
-24;SetpointChange;28.06.2002;05:57:23;T=CELL 2 CON(24364)=airgate.comap.cz
-25;Not Ready;28.06.2002;05:39:14;0;0,00; ;0;0;0;50,0;231;0;0;0;0;0;20,9;3,6;50;52;#####;00000000 00000000;00000010 00000000;0,0;0;0;0;0;0;0;0;0;MAN
-26;GCB Opened;28.06.2002;05:39:12;338;0,00; ;0;0;0;50,0;229;0;0;0;0;0;20,9;3,6;50;52;#####;00000000 00000000;00000010 00000000;12,5;157;0;0;0;0;0;0;0;MAN
-27;Gen-set Stop;28.06.2002;05:39:11;352;0,00; ;0;0;0;50,1;223;0;0;0;0;0;20,9;3,6;50;52;#####;00000000 00000000;01100100 00000000;13,0;164;0;0;0;0;0;0;0;MAN
-28;Sd Underspeed;28.06.2002;05:39:11;352;0,00; ;0;0;0;50,1;223;0;0;0;0;0;20,9;3,6;50;52;#####;00000000 00000000;01100100 00000000;13,0;164;0;0;0;0;0;0;0;MAN
-29;Running;28.06.2002;05:39:00;1615;0,00; ;0;0;0;50,1;229;0;0;0;0;0;20,8;3,6;50;52;#####;00000000 00000000;01000000 00000000;53,9;228;0;0;0;0;0;0;0;MAN
-30;Idle Run;28.06.2002;05:38:48;477;0,00; ;0;0;0;50,0;228;0;0;0;0;0;20,9;3,6;50;52;#####;00000000 00000000;01000000 00000000;0,0;200;0;0;0;0;0;0;0;MAN
-31;Manual Start;28.06.2002;05:38:46;0;0,00; ;0;0;0;50,0;231;0;0;0;0;0;20,8;3,6;50;52;#####;00000000 00000000;00000000 00000000;0,0;0;0;0;0;0;0;0;0;MAN
-32;Ready;28.06.2002;05:38:42;0;0,00; ;0;0;0;50,0;231;0;0;0;0;0;20,8;3,6;50;52;#####;00000000 00000000;00000010 00000000;0,0;0;0;0;0;0;0;0;0;MAN
-33;Fault reset;28.06.2002;05:38:41;0;0,00; ;0;0;0;50,0;231;0;0;0;0;0;20,8;3,6;50;52;#####;00000000 00000000;00000010 00000000;0,0;0;0;0;0;0;0;0;0;MAN
-34;Not Ready;28.06.2002;05:36:50;0;0,00; ;0;0;0;50,0;232;0;0;0;0;0;21,0;3,6;50;52;#####;00000000 00000000;00000010 00000000;0,0;0;0;0;0;0;0;0;0;MAN
-35;GCB Opened;28.06.2002;05:36:48;335;0,00; ;0;0;0;50,0;234;0;0;0;0;0;21,0;3,6;50;52;#####;00000000 00000000;00000010 00000000;12,4;151;0;0;0;0;0;0;0;MAN
-36;Gen-set Stop;28.06.2002;05:36:48;351;0,00; ;0;0;0;50,1;233;0;0;0;0;0;21,0;3,6;50;52;#####;00000000 00000000;01100100 00000000;12,9;162;0;0;0;0;0;0;0;MAN
-37;Sd Underspeed;28.06.2002;05:36:48;351;0,00; ;0;0;0;50,0;229;0;0;0;0;0;21,0;3,6;50;52;#####;00000000 00000000;01100100 00000000;12,9;162;0;0;0;0;0;0;0;MAN
-38;Running;28.06.2002;05:36:36;1617;0,00; ;0;0;0;50,0;233;0;0;0;0;0;20,9;3,6;50;52;#####;00000000 00000000;01000000 00000000;53,9;230;0;0;0;0;0;0;0;MAN
-39;Idle Run;28.06.2002;05:36:24;501;0,00; ;0;0;0;50,0;232;0;0;0;0;0;20,9;3,6;50;52;#####;00000000 00000000;01000000 00000000;0,0;180;0;0;0;0;0;0;0;MAN
-40;Manual Start;28.06.2002;05:36:21;0;0,00; ;0;0;0;50,0;233;0;0;0;0;0;20,9;3,6;50;52;#####;00000000 00000000;00000000 00000000;0,0;0;0;0;0;0;0;0;0;MAN
-41;Ready;28.06.2002;05:12:57;0;0,00; ;0;0;0;50,0;232;0;0;0;0;0;20,8;3,6;49;52;#####;00000000 00000000;00000000 00000000;0,0;0;0;0;0;0;0;0;0;MAN
-42;Switched On;28.06.2002;05:12:56;System started
-43;Mains Underfrequency;28.06.2002;05:12:41;0;0,00; ;0;0;0;0,0;0;0;0;0;0;0;20,7;3,6;50;53;#####;00000000 00000000;00000000 00000000;0,0;0;0;0;0;0;0;0;0;MAN
-44;SetpointChange;28.06.2002;05:11:50;T=CELL 2 CON(24364)=chn.airgate.link
-45;Ready;27.06.2002;23:59:35;0;0,00; ;0;0;0;50,0;234;0;0;0;0;0;20,9;3,6;49;52;#####;00000000 00000000;00000000 00000000;0,0;0;0;0;0;0;0;0;0;MAN
-46;Switched On;27.06.2002;23:59:34;System started
-47;Mains Underfrequency;27.06.2002;23:59:28;0;0,00; ;0;0;0;0,0;0;0;0;0;0;0;21,0;3,6;50;52;#####;00000000 00000000;00000000 00000000;0,0;0;0;0;0;0;0;0;0;MAN
-48;SetpointChange;27.06.2002;23:58:51;T=CELL 1 CON(24364)=airgate.comap.cz
-49;SetpointChange;27.06.2002;23:58:36;T=CELL 1 CON(24311)=airgate.comap.cz:9925
-50;Ready;27.06.2002;23:38:14;0;0,00; ;0;0;0;50,0;236;0;0;0;0;0;20,9;3,6;49;52;#####;00000000 00000000;00000000 00000000;0,0;0;0;0;0;0;0;0;0;MAN
-51;Switched On;27.06.2002;23:38:13;System started
-52;Mains Underfrequency;27.06.2002;23:38:05;0;0,00; ;0;0;0;0,0;0;0;0;0;0;0;20,9;3,6;50;54;#####;00000000 00000000;00000000 00000000;0,0;0;0;0;0;0;0;0;0;MAN
-53;SetpointChange;27.06.2002;23:37:27;T=CELL 1 CON(24364)=aus.airgate.link
-54;Ready;27.06.2002;23:35:12;0;0,00; ;0;0;0;50,0;234;0;0;0;0;0;20,7;3,6;49;53;#####;00000000 00000000;00000000 00000000;0,0;0;0;0;0;0;0;0;0;MAN
-55;Switched On;27.06.2002;23:35:11;System started
-56;Mains Underfrequency;27.06.2002;23:35:04;0;0,00; ;0;0;0;0,0;0;0;0;0;0;0;21,0;3,6;50;54;#####;00000000 00000000;00000000 00000000;0,0;0;0;0;0;0;0;0;0;MAN
-57;Ready;27.06.2002;23:27:41;0;0,00; ;0;0;0;50,0;233;0;0;0;0;0;20,9;3,6;49;52;#####;00000000 00000000;00000000 00000000;0,0;0;0;0;0;0;0;0;0;MAN
-58;Switched On;27.06.2002;23:27:40;System started
-59;Mains Underfrequency;27.06.2002;23:27:33;0;0,00; ;0;0;0;0,0;0;0;0;0;0;0;20,8;3,6;50;52;#####;00000000 00000000;00000000 00000000;0,0;0;0;0;0;0;0;0;0;MAN
-60;Ready;27.06.2002;23:15:59;0;0,00; ;0;0;0;50,0;234;0;0;0;0;0;20,8;3,6;49;52;#####;00000000 00000000;00000000 00000000;0,0;0;0;0;0;0;0;0;0;MAN
-61;Switched On;27.06.2002;23:15:57;System started
-62;Mains Underfrequency;27.06.2002;23:15:48;0;0,00; ;0;0;0;0,0;0;0;0;0;0;0;20,9;3,6;50;52;#####;00000000 00000000;00000000 00000000;0,0;0;0;0;0;0;0;0;0;MAN
-63;Ready;27.06.2002;22:58:25;0;0,00; ;0;0;0;50,0;233;0;0;0;0;0;20,7;3,6;49;52;#####;00000000 00000000;00000000 00000000;0,0;0;0;0;0;0;0;0;0;MAN
-64;Switched On;27.06.2002;22:58:24;System started
-65;Mains Underfrequency;27.06.2002;22:58:11;0;0,00; ;0;0;0;0,0;0;0;0;0;0;0;20,6;3,6;50;53;#####;00000000 00000000;00000000 00000000;0,0;0;0;0;0;0;0;0;0;MAN
-66;SetpointChange;27.06.2002;22:56:58;T=CELL 1 CON(24311)=aus.airgate.link:44445
-67;Fault reset;23.06.2002;08:28:22;0;0,00; ;0;0;0;50,0;233;0;0;0;0;0;20,7;3,7;50;52;#####;00000000 00000000;00000010 00000000;0,0;0;0;0;0;0;0;0;0;MAN
-68;Wrn MCB Fail;23.06.2002;08:28:12;0;0,00; ;0;0;0;50,0;232;0;0;0;0;0;20,7;3,7;49;52;#####;00000000 00000000;00010000 00000000;0,0;0;0;0;0;0;0;0;0;MAN
-69;Ready;23.06.2002;08:28:08;0;0,00; ;0;0;0;50,0;232;0;0;0;0;0;20,7;3,7;49;52;#####;00000000 00000000;00010000 00000000;0,0;0;0;0;0;0;0;0;0;MAN
-70;SetpointChange;23.06.2002;08:28:07;T=CELL 1 CON(8315)=1
-71;Fault reset;23.06.2002;08:28:06;0;0,00; ;0;0;0;50,0;232;0;0;0;0;0;20,7;3,7;49;52;#####;00000000 00000000;00000010 00000000;0,0;0;0;0;0;0;0;0;0;OFF
-72;Terminal;23.06.2002;08:28:06;T=CELL 1 FaultReset command
-73;Wrn MCB Fail;23.06.2002;08:20:49;0;0,00; ;0;0;0;50,0;232;0;0;0;0;0;20,8;3,7;49;52;#####;00000000 00000000;00010000 00000000;0,0;0;0;0;0;0;0;0;0;OFF
-74;Not Ready;23.06.2002;08:20:43;0;0,00; ;0;0;0;50,0;232;0;0;0;0;0;20,8;3,6;49;52;#####;00000000 00000000;00000000 00000000;0,0;0;0;0;0;0;0;0;0;OFF
-75;Switched On;23.06.2002;08:20:41;Config loaded
-76;Programming Request;23.06.2002;08:17:29;0;0,00; ;0;0;0;50,0;232;0;0;0;0;0;20,7;3,7;49;52;#####;00000000 00000000;00000010 00000000;0,0;0;0;0;0;0;0;0;0;OFF
-77;Password set;23.06.2002;08:17:29;T=CELL 1 
-78;SetpointChange;23.06.2002;08:17:25;T=CELL 1 CON(8315)=0
-79;Not Ready;23.06.2002;08:17:14;0;0,00; ;0;0;0;50,0;232;0;0;0;0;0;20,7;3,7;49;52;#####;00000000 00000000;00000010 00000000;0,0;0;0;0;0;0;0;0;0;MAN
-80;Sd Start Fail;23.06.2002;08:17:12;0;0,00; ;0;0;0;50,0;232;0;0;0;0;0;20,7;3,7;49;52;#####;00000000 00000000;11000010 00000000;0,0;0;0;0;0;0;0;0;0;MAN
-81;Manual Start;23.06.2002;08:16:39;0;0,00; ;0;0;0;50,0;233;0;0;0;0;0;20,7;3,7;49;52;#####;00000000 00000000;00000010 00000000;0,0;0;0;0;0;0;0;0;0;MAN
-82;Ready;23.06.2002;08:16:35;0;0,00; ;0;0;0;50,0;233;0;0;0;0;0;20,7;3,7;49;52;#####;00000000 00000000;00000010 00000000;0,0;0;0;0;0;0;0;0;0;MAN
-83;SetpointChange;23.06.2002;08:16:34;T=INT CON(8315)=1
-84;Not Ready;23.06.2002;08:16:29;0;0,00; ;0;0;0;50,0;232;0;0;0;0;0;20,7;3,7;50;52;#####;00000000 00000000;00000010 00000000;0,0;0;0;0;0;0;0;0;0;OFF
-85;Ready;23.06.2002;08:05:54;0;0,00; ;0;0;0;50,0;232;0;0;0;0;0;20,7;3,7;49;52;#####;00000001 00000000;00000010 00000000;0,0;0;0;0;0;0;0;0;0;MAN
-86;Not Ready;23.06.2002;08:05:53;0;0,00; ;0;0;0;50,0;232;0;0;0;0;0;20,7;3,7;50;52;#####;00000000 00000000;00000010 00000000;0,0;0;0;0;0;0;0;0;0;OFF
-87;Ready;23.06.2002;08:05:50;0;0,00; ;0;0;0;50,0;232;0;0;0;0;0;20,7;3,7;49;52;#####;00000001 00000000;00000010 00000000;0,0;0;0;0;0;0;0;0;0;MAN
-88;Wrn MCB Fail;23.06.2002;08:04:48;0;0,00; ;0;0;0;50,0;232;0;0;0;0;0;20,8;3,7;50;52;#####;00000000 00000000;00010000 00000000;0,0;0;0;0;0;0;0;0;0;OFF
-89;Fault reset;23.06.2002;08:04:41;0;0,00; ;0;0;0;50,0;232;0;0;0;0;0;20,8;3,7;49;52;#####;00000000 00000000;00000010 00000000;0,0;0;0;0;0;0;0;0;0;OFF
-90;Wrn MCB Fail;23.06.2002;07:52:56;0;0,00; ;0;0;0;50,0;232;0;0;0;0;0;20,9;3,7;50;52;#####;00000000 00000000;00010000 00000000;0,0;0;0;0;0;0;0;0;0;OFF
-91;Not Ready;23.06.2002;07:52:50;0;0,00; ;0;0;0;50,0;232;0;0;0;0;0;20,8;3,6;49;52;#####;00000000 00000000;00000000 00000000;0,0;0;0;0;0;0;0;0;0;OFF
-92;Switched On;23.06.2002;07:52:49;Config loaded
-93;Programming Request;23.06.2002;07:49:38;0;0,00; ;0;0;0;50,0;232;0;0;0;0;0;20,8;3,7;50;52;#####;00000000 00000000;00000010 00000000;0,0;0;0;0;0;0;0;0;0;OFF
-94;Password set;23.06.2002;07:49:38;T=CELL 1 
-95;Wrn MCB Fail;23.06.2002;07:41:30;0;0,00; ;0;0;0;50,0;232;0;0;0;0;0;20,8;3,7;50;52;#####;00000000 00000000;00010000 00000000;0,0;0;0;0;0;0;0;0;0;OFF
-96;Not Ready;23.06.2002;07:41:24;0;0,00; ;0;0;0;50,0;232;0;0;0;0;0;20,8;3,6;49;52;#####;00000000 00000000;00000000 00000000;0,0;0;0;0;0;0;0;0;0;OFF
-97;Switched On;23.06.2002;07:41:23;Config loaded
-98;Programming Request;23.06.2002;07:38:03;0;0,00; ;0;0;0;50,0;232;0;0;0;0;0;20,8;3,7;49;52;#####;00000000 00000000;00000010 00000000;0,0;0;0;0;0;0;0;0;0;OFF
-99;Password set;23.06.2002;07:38:03;T=CELL 1 
-100;Not Ready;23.06.2002;07:37:59;0;0,00; ;0;0;0;50,0;232;0;0;0;0;0;20,8;3,7;50;52;#####;00000000 00000000;00000010 00000000;0,0;0;0;0;0;0;0;0;0;OFF
-101;SetpointChange;23.06.2002;07:37:58;T=CELL 1 CON(8315)=0
-102;Password set;23.06.2002;07:37:55;T=CELL 1 
-103;Ready;23.06.2002;06:53:10;0;0,00; ;0;0;0;50,0;232;0;0;0;0;0;20,9;3,7;50;52;#####;00000000 00000000;00000010 00000000;0,0;0;0;0;0;0;0;0;0;MAN
-104;SetpointChange;23.06.2002;06:53:09;T=INT CON(8315)=1
-105;Wrn MCB Fail;23.06.2002;06:51:00;0;0,00; ;0;0;0;50,0;232;0;0;0;0;0;20,8;3,7;49;53;#####;00000000 00000000;00010000 00000000;0,0;0;0;0;0;0;0;0;0;OFF
-106;Not Ready;23.06.2002;06:50:54;0;0,00; ;0;0;0;50,0;231;0;0;0;0;0;20,8;3,6;49;52;#####;00000000 00000000;00000000 00000000;0,0;0;0;0;0;0;0;0;0;OFF
-107;Switched On;23.06.2002;06:50:53;System started
-108;Mains Underfrequency;23.06.2002;06:50:41;0;0,00; ;0;0;0;0,0;0;0;0;0;0;0;20,7;3,7;50;52;#####;00000000 00000000;00000010 00000000;0,0;0;0;0;0;0;0;0;0;OFF
-109;Wrn MCB Fail;23.06.2002;06:43:54;0;0,00; ;0;0;0;50,0;232;0;0;0;0;0;20,7;3,7;50;52;#####;00000000 00000000;00010000 00000000;0,0;0;0;0;0;0;0;0;0;OFF
-110;Not Ready;23.06.2002;06:43:49;0;0,00; ;0;0;0;50,0;232;0;0;0;0;0;20,7;3,7;50;52;#####;00000000 00000000;00000000 00000000;0,0;0;0;0;0;0;0;0;0;OFF
-111;SetpointChange;23.06.2002;06:43:48;T=CELL 1 CON(8315)=0
-112;Ready;22.06.2002;07:22:11;0;0,00; ;0;0;0;50,0;232;0;0;0;0;0;21,1;3,7;49;53;#####;00000000 00000000;00000010 00000000;0,0;0;0;0;0;0;0;0;0;MAN
-113;Fault reset;22.06.2002;07:22:11;0;0,00; ;0;0;0;50,0;232;0;0;0;0;0;21,1;3,7;49;53;#####;00000000 00000000;00000010 00000000;0,0;0;0;0;0;0;0;0;0;MAN
-114;Terminal;22.06.2002;07:22:11;T=CELL 1 FaultReset command
-115;Not Ready;22.06.2002;07:21:37;0;0,00; ;0;0;0;50,0;232;0;0;0;0;0;21,1;3,7;49;53;#####;00000000 00000000;00000010 00000000;0,0;0;0;0;0;0;0;0;0;MAN
-116;GCB Opened;22.06.2002;07:21:35;355;0,00; ;0;0;0;49,9;233;0;0;0;0;0;21,2;3,7;49;53;#####;00000000 00000000;00000010 00000000;13,1;165;0;0;0;0;0;0;0;MAN
-117;Gen-set Stop;22.06.2002;07:21:35;369;0,00; ;0;0;0;50,0;235;0;0;0;0;0;21,2;3,7;49;53;#####;00000000 00000000;01100100 00000000;13,6;170;0;0;0;0;0;0;0;MAN
-118;Sd Underspeed;22.06.2002;07:21:35;369;0,00; ;0;0;0;50,0;235;0;0;0;0;0;21,2;3,7;49;53;#####;00000000 00000000;01100100 00000000;13,6;170;0;0;0;0;0;0;0;MAN
-119;Running;22.06.2002;07:21:17;1618;0,00; ;0;0;0;50,0;233;0;0;0;0;0;21,1;3,7;49;52;#####;00000000 00000000;01000000 00000000;53,9;232;0;0;0;0;0;0;0;MAN
-120;Idle Run;22.06.2002;07:21:05;516;0,00; ;0;0;0;50,1;227;0;0;0;0;0;21,1;3,7;49;52;#####;00000000 00000000;01000000 00000000;0,0;186;0;0;0;0;0;0;0;MAN
-121;Manual Start;22.06.2002;07:21:03;0;0,00; ;0;0;0;50,0;232;0;0;0;0;0;21,1;3,7;49;52;#####;00000000 00000000;00000000 00000000;0,0;0;0;0;0;0;0;0;0;MAN
-122;Terminal;22.06.2002;07:21:03;T=CELL 1 Start command
-123;Ready;22.06.2002;07:07:36;0;0,00; ;0;0;0;50,0;232;0;0;0;0;0;21,1;3,6;49;52;#####;00000000 00000000;00000000 00000000;0,0;0;0;0;0;0;0;0;0;MAN
-124;Switched On;22.06.2002;07:07:35;System started
-125;Mains Underfrequency;22.06.2002;07:07:27;0;0,00; ;0;0;0;0,0;0;0;0;0;0;0;20,4;3,7;50;54;#####;00000000 00000000;00000010 00000000;0,0;0;0;0;0;0;0;0;0;MAN
-126;SetpointChange;22.06.2002;07:06:59;T=CELL 1 CON(24364)=airgate.comap.cz
-127;SetpointChange;22.06.2002;07:06:53;T=CELL 1 CON(24311)=airgate.comap.cz:44445
-128;Not Ready;21.06.2002;05:19:31;0;0,00; ;0;0;0;50,0;231;0;0;0;0;0;20,5;3,7;50;52;#####;00000000 00000000;00000010 00000000;0,0;0;0;0;0;0;0;0;0;MAN
-129;GCB Opened;21.06.2002;05:19:28;338;0,00; ;0;0;0;50,0;223;0;0;0;0;0;20,5;3,7;50;52;#####;00000000 00000000;00000010 00000000;12,5;160;0;0;0;0;0;0;0;MAN
-130;Gen-set Stop;21.06.2002;05:19:28;352;0,00; ;0;0;0;50,0;232;0;0;0;0;0;20,5;3,7;50;52;#####;00000000 00000000;01100100 00000000;13,0;164;0;0;0;0;0;0;0;MAN
-131;Sd Underspeed;21.06.2002;05:19:28;352;0,00; ;0;0;0;50,0;229;0;0;0;0;0;20,5;3,7;50;52;#####;00000000 00000000;01100100 00000000;13,0;164;0;0;0;0;0;0;0;MAN
-132;Running;21.06.2002;05:17:49;1617;0,00; ;0;0;0;50,0;230;0;0;0;0;0;20,5;3,7;50;52;#####;00000000 00000000;01000000 00000000;53,9;230;0;0;0;0;0;0;0;MAN
-133;Idle Run;21.06.2002;05:17:37;522;0,00; ;0;0;0;50,0;232;0;0;0;0;0;20,5;3,7;50;52;#####;00000000 00000000;01000000 00000000;0,0;192;0;0;0;0;0;0;0;MAN
-134;Manual Start;21.06.2002;05:17:35;0;0,00; ;0;0;0;50,0;231;0;0;0;0;0;20,5;3,7;50;52;#####;00000000 00000000;00000000 00000000;0,0;0;0;0;0;0;0;0;0;MAN
-135;Terminal;21.06.2002;05:17:35;T=CELL 1 Start command
-136;Ready;21.06.2002;05:15:16;0;0,00; ;0;0;0;50,0;231;0;0;0;0;0;20,5;3,7;50;52;#####;00000000 00000000;00000010 00000000;0,0;0;0;0;0;0;0;0;0;MAN
-137;Fault reset;21.06.2002;05:15:16;0;0,00; ;0;0;0;50,0;231;0;0;0;0;0;20,5;3,7;50;52;#####;00000000 00000000;00000010 00000000;0,0;0;0;0;0;0;0;0;0;MAN
-138;Terminal;21.06.2002;05:15:16;T=CELL 1 FaultReset command
-139;Not Ready;21.06.2002;05:12:33;0;0,00; ;0;0;0;50,0;231;0;0;0;0;0;20,5;3,7;50;52;#####;00000000 00000000;00000010 00000000;0,0;0;0;0;0;0;0;0;0;MAN
-140;GCB Opened;21.06.2002;05:12:30;338;0,00; ;0;0;0;50,0;234;0;0;0;0;0;20,5;3,7;50;52;#####;00000000 00000000;00000010 00000000;12,4;158;0;0;0;0;0;0;0;MAN
-141;Gen-set Stop;21.06.2002;05:12:30;351;0,00; ;0;0;0;50,0;233;0;0;0;0;0;20,5;3,7;50;52;#####;00000000 00000000;01100100 00000000;13,0;163;0;0;0;0;0;0;0;MAN
-142;Sd Underspeed;21.06.2002;05:12:30;351;0,00; ;0;0;0;49,9;228;0;0;0;0;0;20,5;3,7;50;52;#####;00000000 00000000;01100100 00000000;13,0;163;0;0;0;0;0;0;0;MAN
-143;Running;21.06.2002;05:10:44;1621;0,00; ;0;0;0;50,0;230;0;0;0;0;0;20,5;3,7;50;52;#####;00000000 00000000;01000000 00000000;54,0;227;0;0;0;0;0;0;0;MAN
-144;Idle Run;21.06.2002;05:10:32;497;0,00; ;0;0;0;50,0;232;0;0;0;0;0;20,5;3,7;50;52;#####;00000000 00000000;01000000 00000000;0,0;189;0;0;0;0;0;0;0;MAN
-145;Manual Start;21.06.2002;05:10:29;0;0,00; ;0;0;0;50,0;231;0;0;0;0;0;20,5;3,7;50;52;#####;00000000 00000000;00000000 00000000;0,0;0;0;0;0;0;0;0;0;MAN
-146;Terminal;21.06.2002;05:10:29;T=CELL 1 Start command
-147;Ready;21.06.2002;04:46:43;0;0,00; ;0;0;0;50,0;231;0;0;0;0;0;20,6;3,7;49;51;#####;00000000 00000000;00000000 00000000;0,0;0;0;0;0;0;0;0;0;MAN
-148;Switched On;21.06.2002;04:46:42;System started
-149;Mains Underfrequency;21.06.2002;04:46:35;0;0,00; ;0;0;0;0,0;0;0;0;0;0;0;20,7;3,7;50;53;#####;00000000 00000000;00000010 00000000;0,0;0;0;0;0;0;0;0;0;MAN
-150;SetpointChange;21.06.2002;04:44:51;T=CELL 1 CON(24364)=aus.airgate.link
-151;SetpointChange;21.06.2002;04:32:56;T=CELL 1 CON(24311)=airgate.comap.cz:9925
-152;SetpointChange;21.06.2002;04:09:55;T=CELL 2 CON(24311)=airgate.comap.cz:44445
-153;Not Ready;21.06.2002;01:58:26;0;0,00; ;0;0;0;50,1;231;0;0;0;0;0;20,9;3,7;50;53;#####;00000000 00000000;00000010 00000000;0,0;0;0;0;0;0;0;0;0;MAN
-154;GCB Opened;21.06.2002;01:58:23;339;0,00; ;0;0;0;50,0;230;0;0;0;0;0;20,9;3,7;50;53;#####;00000000 00000000;00000010 00000000;12,6;161;0;0;0;0;0;0;0;MAN
-155;Gen-set Stop;21.06.2002;01:58:23;352;0,00; ;0;0;0;50,2;230;0;0;0;0;0;20,9;3,7;50;53;#####;00000000 00000000;01100100 00000000;13,1;159;0;0;0;0;0;0;0;MAN
-156;Sd Underspeed;21.06.2002;01:58:23;352;0,00; ;0;0;0;50,2;230;0;0;0;0;0;20,9;3,7;50;53;#####;00000000 00000000;01100100 00000000;13,1;159;0;0;0;0;0;0;0;MAN
-157;Running;21.06.2002;01:48:34;1617;0,00; ;0;0;0;50,1;229;0;0;0;0;0;20,9;3,7;50;53;#####;00000000 00000000;01000000 00000000;53,9;228;0;0;0;0;0;0;0;MAN
-158;Idle Run;21.06.2002;01:48:22;495;0,00; ;0;0;0;50,1;226;0;0;0;0;0;20,9;3,7;50;53;#####;00000000 00000000;01000000 00000000;0,0;190;0;0;0;0;0;0;0;MAN
-159;Manual Start;21.06.2002;01:48:20;0;0,00; ;0;0;0;50,0;231;0;0;0;0;0;20,9;3,7;50;53;#####;00000000 00000000;00000000 00000000;0,0;0;0;0;0;0;0;0;0;MAN
-160;Terminal;21.06.2002;01:48:20;T=CELL 2 Start command
-161;Ready;21.06.2002;01:47:56;0;0,00; ;0;0;0;50,1;231;0;0;0;0;0;20,9;3,7;50;53;#####;00000000 00000000;00000010 00000000;0,0;0;0;0;0;0;0;0;0;MAN
-162;Fault reset;21.06.2002;01:47:56;0;0,00; ;0;0;0;50,1;231;0;0;0;0;0;20,9;3,7;50;53;#####;00000000 00000000;00000010 00000000;0,0;0;0;0;0;0;0;0;0;MAN
-163;Terminal;21.06.2002;01:47:56;T=CELL 2 FaultReset command
-164;Not Ready;21.06.2002;01:42:44;0;0,00; ;0;0;0;50,0;231;0;0;0;0;0;20,9;3,7;50;53;#####;00000000 00000000;00000010 00000000;0,0;0;0;0;0;0;0;0;0;MAN
-165;GCB Opened;21.06.2002;01:42:42;333;0,00; ;0;0;0;50,0;229;0;0;0;0;0;20,9;3,7;50;53;#####;00000000 00000000;00000010 00000000;12,4;160;0;0;0;0;0;0;0;MAN
-166;Gen-set Stop;21.06.2002;01:42:42;347;0,00; ;0;0;0;50,1;232;0;0;0;0;0;20,9;3,7;50;53;#####;00000000 00000000;01100100 00000000;12,9;164;0;0;0;0;0;0;0;MAN
-167;Sd Underspeed;21.06.2002;01:42:42;364;0,00; ;0;0;0;50,1;232;0;0;0;0;0;20,9;3,7;50;53;#####;00000000 00000000;01100100 00000000;13,4;169;0;0;0;0;0;0;0;MAN
-168;Running;21.06.2002;01:42:13;1614;0,00; ;0;0;0;50,1;230;0;0;0;0;0;20,9;3,7;50;53;#####;00000000 00000000;01000000 00000000;53,9;226;0;0;0;0;0;0;0;MAN
-169;Idle Run;21.06.2002;01:42:01;491;0,00; ;0;0;0;50,0;232;0;0;0;0;0;20,9;3,7;50;53;#####;00000000 00000000;01000000 00000000;0,0;174;0;0;0;0;0;0;0;MAN
-170;Manual Start;21.06.2002;01:41:58;0;0,00; ;0;0;0;50,0;231;0;0;0;0;0;20,9;3,7;50;53;#####;00000000 00000000;00000000 00000000;0,0;0;0;0;0;0;0;0;0;MAN
-171;Terminal;21.06.2002;01:41:58;T=CELL 2 Start command
-172;Ready;21.06.2002;01:41:29;0;0,00; ;0;0;0;50,0;231;0;0;0;0;0;20,9;3,7;50;53;#####;00000000 00000000;00000010 00000000;0,0;0;0;0;0;0;0;0;0;MAN
-173;Fault reset;21.06.2002;01:41:29;0;0,00; ;0;0;0;50,0;231;0;0;0;0;0;20,9;3,7;50;53;#####;00000000 00000000;00000010 00000000;0,0;0;0;0;0;0;0;0;0;MAN
-174;Terminal;21.06.2002;01:41:29;T=CELL 2 FaultReset command
-175;Not Ready;21.06.2002;01:39:37;0;0,00; ;0;0;0;50,1;231;0;0;0;0;0;20,9;3,7;50;53;#####;00000000 00000000;00000010 00000000;0,0;0;0;0;0;0;0;0;0;MAN
-176;GCB Opened;21.06.2002;01:39:35;338;0,00; ;0;0;0;50,1;235;0;0;0;0;0;20,9;3,7;50;53;#####;00000000 00000000;00000010 00000000;12,4;151;0;0;0;0;0;0;0;MAN
-177;Gen-set Stop;21.06.2002;01:39:35;352;0,00; ;0;0;0;50,1;225;0;0;0;0;0;20,9;3,7;50;53;#####;00000000 00000000;01100100 00000000;12,9;164;0;0;0;0;0;0;0;MAN
-178;Sd Underspeed;21.06.2002;01:39:35;352;0,00; ;0;0;0;50,1;225;0;0;0;0;0;20,9;3,7;50;53;#####;00000000 00000000;01100100 00000000;12,9;164;0;0;0;0;0;0;0;MAN
-179;Time Stamp;21.06.2002;01:00:00;1609;0,00; ;0;0;0;50,0;233;0;0;0;0;0;20,9;3,7;50;53;#####;00000000 00000000;01000100 00000000;53,6;230;0;0;0;0;0;0;0;MAN
-180;Time Stamp;21.06.2002;00:00:00;1610;0,00; ;0;0;0;50,0;230;0;0;0;0;0;20,9;3,7;50;53;#####;00000000 00000000;01000100 00000000;53,7;227;0;0;0;0;0;0;0;MAN
-181;Time Stamp;20.06.2002;23:00:00;1610;0,00; ;0;0;0;50,0;233;0;0;0;0;0;20,9;3,7;50;53;#####;00000000 00000000;01000100 00000000;53,7;230;0;0;0;0;0;0;0;MAN
-182;Time Stamp;20.06.2002;22:00:00;1608;0,00; ;0;0;0;50,0;234;0;0;0;0;0;20,9;3,7;50;53;#####;00000000 00000000;01000100 00000000;53,6;231;0;0;0;0;0;0;0;MAN
-183;Time Stamp;20.06.2002;21:00:00;1608;0,00; ;0;0;0;50,0;232;0;0;0;0;0;20,9;3,7;50;53;#####;00000000 00000000;01000100 00000000;53,6;229;0;0;0;0;0;0;0;MAN
-184;Time Stamp;20.06.2002;20:00:00;1610;0,00; ;0;0;0;50,0;234;0;0;0;0;0;20,9;3,7;50;53;#####;00000000 00000000;01000100 00000000;53,7;231;0;0;0;0;0;0;0;MAN
-185;Time Stamp;20.06.2002;19:00:00;1610;0,00; ;0;0;0;50,0;232;0;0;0;0;0;20,9;3,7;50;53;#####;00000000 00000000;01000100 00000000;53,7;227;0;0;0;0;0;0;0;MAN
-186;Time Stamp;20.06.2002;18:00:00;1610;0,00; ;0;0;0;50,0;232;0;0;0;0;0;20,9;3,7;50;53;#####;00000000 00000000;01000100 00000000;53,7;228;0;0;0;0;0;0;0;MAN
-187;Time Stamp;20.06.2002;17:00:00;1610;0,00; ;0;0;0;50,0;233;0;0;0;0;0;20,9;3,7;50;53;#####;00000000 00000000;01000100 00000000;53,7;230;0;0;0;0;0;0;0;MAN
-188;Time Stamp;20.06.2002;16:00:00;1610;0,00; ;0;0;0;50,0;232;0;0;0;0;0;20,9;3,7;50;53;#####;00000000 00000000;01000100 00000000;53,7;230;0;0;0;0;0;0;0;MAN
-189;Time Stamp;20.06.2002;15:00:00;1610;0,00; ;0;0;0;50,0;232;0;0;0;0;0;20,9;3,7;50;53;#####;00000000 00000000;01000100 00000000;53,7;229;0;0;0;0;0;0;0;MAN
-190;Time Stamp;20.06.2002;14:00:00;1610;0,00; ;0;0;0;50,0;231;0;0;0;0;0;20,9;3,7;50;53;#####;00000000 00000000;01000100 00000000;53,7;229;0;0;0;0;0;0;0;MAN
-191;Time Stamp;20.06.2002;13:00:00;1610;0,00; ;0;0;0;50,0;232;0;0;0;0;0;20,9;3,7;50;53;#####;00000000 00000000;01000100 00000000;53,7;230;0;0;0;0;0;0;0;MAN
-192;Time Stamp;20.06.2002;12:00:00;1610;0,00; ;0;0;0;50,0;231;0;0;0;0;0;20,9;3,7;50;53;#####;00000000 00000000;01000100 00000000;53,7;230;0;0;0;0;0;0;0;MAN
-193;Time Stamp;20.06.2002;11:00:00;1610;0,00; ;0;0;0;50,0;233;0;0;0;0;0;20,9;3,7;50;53;#####;00000000 00000000;01000100 00000000;53,7;231;0;0;0;0;0;0;0;MAN
-194;Time Stamp;20.06.2002;10:00:00;1610;0,00; ;0;0;0;50,1;231;0;0;0;0;0;20,9;3,7;50;53;#####;00000000 00000000;01000100 00000000;53,7;228;0;0;0;0;0;0;0;MAN
-195;Time Stamp;20.06.2002;09:00:00;1609;0,00; ;0;0;0;50,0;231;0;0;0;0;0;20,9;3,7;50;53;#####;00000000 00000000;01000100 00000000;53,7;229;0;0;0;0;0;0;0;MAN
-196;Time Stamp;20.06.2002;08:00:00;1608;0,00; ;0;0;0;50,0;233;0;0;0;0;0;20,9;3,7;50;53;#####;00000000 00000000;01000100 00000000;53,6;231;0;0;0;0;0;0;0;MAN
-197;Time Stamp;20.06.2002;07:00:00;1609;0,00; ;0;0;0;50,0;230;0;0;0;0;0;20,9;3,7;50;53;#####;00000000 00000000;01000100 00000000;53,7;227;0;0;0;0;0;0;0;MAN
-198;Time Stamp;20.06.2002;06:00:00;1609;0,00; ;0;0;0;50,0;233;0;0;0;0;0;20,9;3,7;50;53;#####;00000000 00000000;01000100 00000000;53,6;231;0;0;0;0;0;0;0;MAN
-199;Time Stamp;20.06.2002;05:00:00;1609;0,00; ;0;0;0;50,0;231;0;0;0;0;0;20,9;3,7;50;53;#####;00000000 00000000;01000100 00000000;53,7;230;0;0;0;0;0;0;0;MAN
-200;Time Stamp;20.06.2002;04:00:00;1609;0,00; ;0;0;0;50,0;232;0;0;0;0;0;20,9;3,7;50;53;#####;00000000 00000000;01000100 00000000;53,7;229;0;0;0;0;0;0;0;MAN
-201;Time Stamp;20.06.2002;03:00:00;1610;0,00; ;0;0;0;50,1;230;0;0;0;0;0;20,9;3,7;50;53;#####;00000000 00000000;01000100 00000000;53,7;229;0;0;0;0;0;0;0;MAN
-202;Time Stamp;20.06.2002;02:00:00;1609;0,00; ;0;0;0;50,0;234;0;0;0;0;0;20,9;3,7;50;53;#####;00000000 00000000;01000100 00000000;53,6;230;0;0;0;0;0;0;0;MAN
-203;Time Stamp;20.06.2002;01:00:00;1609;0,00; ;0;0;0;50,0;234;0;0;0;0;0;20,9;3,7;50;53;#####;00000000 00000000;01000100 00000000;53,6;231;0;0;0;0;0;0;0;MAN
-204;Time Stamp;20.06.2002;00:00:00;1608;0,00; ;0;0;0;50,1;231;0;0;0;0;0;20,9;3,7;50;53;#####;00000000 00000000;01000100 00000000;53,6;229;0;0;0;0;0;0;0;MAN
-205;Time Stamp;19.06.2002;23:00:00;1608;0,00; ;0;0;0;50,0;232;0;0;0;0;0;20,9;3,7;50;53;#####;00000000 00000000;01000100 00000000;53,6;228;0;0;0;0;0;0;0;MAN
-206;Time Stamp;19.06.2002;22:00:00;1607;0,00; ;0;0;0;50,0;233;0;0;0;0;0;20,9;3,7;50;53;#####;00000000 00000000;01000100 00000000;53,6;231;0;0;0;0;0;0;0;MAN
-207;Time Stamp;19.06.2002;21:00:00;1607;0,00; ;0;0;0;50,0;232;0;0;0;0;0;20,9;3,7;50;53;#####;00000000 00000000;01000100 00000000;53,6;230;0;0;0;0;0;0;0;MAN
-208;Time Stamp;19.06.2002;20:00:00;1607;0,00; ;0;0;0;50,0;230;0;0;0;0;0;20,9;3,7;50;53;#####;00000000 00000000;01000100 00000000;53,6;228;0;0;0;0;0;0;0;MAN
-209;Time Stamp;19.06.2002;19:00:00;1606;0,00; ;0;0;0;50,0;232;0;0;0;0;0;20,9;3,7;50;53;#####;00000000 00000000;01000100 00000000;53,5;231;0;0;0;0;0;0;0;MAN
-210;Time Stamp;19.06.2002;18:00:00;1606;0,00; ;0;0;0;50,0;230;0;0;0;0;0;20,9;3,7;50;53;#####;00000000 00000000;01000100 00000000;53,6;227;0;0;0;0;0;0;0;MAN
-211;Time Stamp;19.06.2002;17:00:00;1606;0,00; ;0;0;0;50,0;231;0;0;0;0;0;20,9;3,7;50;53;#####;00000000 00000000;01000100 00000000;53,5;229;0;0;0;0;0;0;0;MAN
-212;Time Stamp;19.06.2002;16:00:00;1605;0,00; ;0;0;0;50,1;230;0;0;0;0;0;20,9;3,7;50;53;#####;00000000 00000000;01000100 00000000;53,5;228;0;0;0;0;0;0;0;MAN
-213;Time Stamp;19.06.2002;15:00:00;1606;0,00; ;0;0;0;50,0;232;0;0;0;0;0;20,9;3,7;50;53;#####;00000000 00000000;01000100 00000000;53,5;231;0;0;0;0;0;0;0;MAN
-214;Time Stamp;19.06.2002;14:00:00;1605;0,00; ;0;0;0;50,0;231;0;0;0;0;0;20,9;3,7;50;53;#####;00000000 00000000;01000100 00000000;53,5;227;0;0;0;0;0;0;0;MAN
-215;Time Stamp;19.06.2002;13:00:00;1605;0,00; ;0;0;0;50,0;233;0;0;0;0;0;20,9;3,7;50;53;#####;00000000 00000000;01000100 00000000;53,5;230;0;0;0;0;0;0;0;MAN
-216;Time Stamp;19.06.2002;12:00:00;1604;0,00; ;0;0;0;50,0;230;0;0;0;0;0;20,9;3,7;50;53;#####;00000000 00000000;01000100 00000000;53,5;227;0;0;0;0;0;0;0;MAN
-217;Time Stamp;19.06.2002;11:00:00;1604;0,00; ;0;0;0;50,0;232;0;0;0;0;0;20,9;3,7;50;53;#####;00000000 00000000;01000100 00000000;53,5;229;0;0;0;0;0;0;0;MAN
-218;Time Stamp;19.06.2002;10:00:00;1604;0,00; ;0;0;0;50,0;231;0;0;0;0;0;20,9;3,7;50;53;#####;00000000 00000000;01000100 00000000;53,5;226;0;0;0;0;0;0;0;MAN
-219;Time Stamp;19.06.2002;09:00:00;1602;0,00; ;0;0;0;50,0;233;0;0;0;0;0;20,9;3,7;50;53;#####;00000000 00000000;01000100 00000000;53,4;230;0;0;0;0;0;0;0;MAN
-220;Time Stamp;19.06.2002;08:00:00;1601;0,00; ;0;0;0;50,0;232;0;0;0;0;0;20,9;3,7;49;53;#####;00000000 00000000;01000100 00000000;53,4;230;0;0;0;0;0;0;0;MAN
-221;Time Stamp;19.06.2002;07:00:00;1599;0,00; ;0;0;0;50,0;232;0;0;0;0;0;20,9;3,7;49;53;#####;00000000 00000000;01000100 00000000;53,3;230;0;0;0;0;0;0;0;MAN
-222;Time Stamp;19.06.2002;06:00:00;1593;0,00; ;0;0;0;50,0;230;0;0;0;0;0;20,9;3,7;49;53;#####;00000000 00000000;01000100 00000000;53,1;227;0;0;0;0;0;0;0;MAN
-223;Time Stamp;19.06.2002;05:00:00;1608;0,00; ;0;0;0;50,0;232;0;0;0;0;0;20,9;3,7;50;53;#####;00000000 00000000;01000100 00000000;53,6;229;0;0;0;0;0;0;0;MAN
-224;Time Stamp;19.06.2002;04:00:00;1611;0,00; ;0;0;0;50,0;231;0;0;0;0;0;20,9;3,7;50;53;#####;00000000 00000000;01000100 00000000;53,7;227;0;0;0;0;0;0;0;MAN
-225;Time Stamp;19.06.2002;03:00:00;1614;0,00; ;0;0;0;50,0;233;0;0;0;0;0;20,9;3,7;50;53;#####;00000000 00000000;01000100 00000000;53,8;231;0;0;0;0;0;0;0;MAN
-226;Time Stamp;19.06.2002;02:00:00;1615;0,00; ;0;0;0;50,0;232;0;0;0;0;0;20,9;3,7;50;53;#####;00000000 00000000;01000100 00000000;53,8;231;0;0;0;0;0;0;0;MAN
-227;Time Stamp;19.06.2002;01:00:00;1616;0,00; ;0;0;0;50,0;231;0;0;0;0;0;20,9;3,7;50;53;#####;00000000 00000000;01000100 00000000;53,9;227;0;0;0;0;0;0;0;MAN
-228;Time Stamp;19.06.2002;00:00:00;1616;0,00; ;0;0;0;50,0;230;0;0;0;0;0;20,9;3,7;50;53;#####;00000000 00000000;01000100 00000000;53,9;227;0;0;0;0;0;0;0;MAN
-229;Time Stamp;18.06.2002;23:00:00;1615;0,00; ;0;0;0;50,0;232;0;0;0;0;0;20,9;3,7;50;53;#####;00000000 00000000;01000100 00000000;53,9;228;0;0;0;0;0;0;0;MAN
-230;Time Stamp;18.06.2002;22:00:00;1615;0,00; ;0;0;0;50,0;232;0;0;0;0;0;20,9;3,7;50;53;#####;00000000 00000000;01000100 00000000;53,8;229;0;0;0;0;0;0;0;MAN
-231;Time Stamp;18.06.2002;21:00:00;1615;0,00; ;0;0;0;50,0;233;0;0;0;0;0;20,9;3,7;50;53;#####;00000000 00000000;01000100 00000000;53,8;231;0;0;0;0;0;0;0;MAN
-232;Time Stamp;18.06.2002;20:00:00;1614;0,00; ;0;0;0;50,0;231;0;0;0;0;0;20,9;3,7;50;53;#####;00000000 00000000;01000100 00000000;53,9;228;0;0;0;0;0;0;0;MAN
-233;Time Stamp;18.06.2002;19:00:00;1614;0,00; ;0;0;0;50,0;233;0;0;0;0;0;20,9;3,7;50;53;#####;00000000 00000000;01000100 00000000;53,8;232;0;0;0;0;0;0;0;MAN
-234;Time Stamp;18.06.2002;18:00:00;1615;0,00; ;0;0;0;50,0;232;0;0;0;0;0;20,9;3,7;50;53;#####;00000000 00000000;01000100 00000000;53,8;229;0;0;0;0;0;0;0;MAN
-235;Time Stamp;18.06.2002;17:00:00;1614;0,00; ;0;0;0;50,0;233;0;0;0;0;0;20,9;3,7;50;53;#####;00000000 00000000;01000100 00000000;53,8;231;0;0;0;0;0;0;0;MAN
-236;Time Stamp;18.06.2002;16:00:00;1614;0,00; ;0;0;0;50,0;232;0;0;0;0;0;20,9;3,7;50;53;#####;00000000 00000000;01000100 00000000;53,8;230;0;0;0;0;0;0;0;MAN
-237;Time Stamp;18.06.2002;15:00:00;1614;0,00; ;0;0;0;49,9;234;0;0;0;0;0;20,9;3,7;50;53;#####;00000000 00000000;01000100 00000000;53,8;231;0;0;0;0;0;0;0;MAN
-238;Time Stamp;18.06.2002;14:00:00;1614;0,00; ;0;0;0;50,0;233;0;0;0;0;0;20,9;3,7;50;53;#####;00000000 00000000;01000100 00000000;53,8;231;0;0;0;0;0;0;0;MAN
-239;Time Stamp;18.06.2002;13:00:00;1613;0,00; ;0;0;0;50,0;230;0;0;0;0;0;20,9;3,7;50;53;#####;00000000 00000000;01000100 00000000;53,8;227;0;0;0;0;0;0;0;MAN
-240;Time Stamp;18.06.2002;12:00:00;1613;0,00; ;0;0;0;49,9;233;0;0;0;0;0;20,9;3,7;50;53;#####;00000000 00000000;01000100 00000000;53,7;232;0;0;0;0;0;0;0;MAN
-241;Time Stamp;18.06.2002;11:00:00;1612;0,00; ;0;0;0;50,0;231;0;0;0;0;0;20,9;3,7;50;53;#####;00000000 00000000;01000100 00000000;53,8;230;0;0;0;0;0;0;0;MAN
-242;Time Stamp;18.06.2002;10:00:00;1612;0,00; ;0;0;0;50,1;230;0;0;0;0;0;20,9;3,7;50;53;#####;00000000 00000000;01000100 00000000;53,7;227;0;0;0;0;0;0;0;MAN
-243;Time Stamp;18.06.2002;09:00:00;1610;0,00; ;0;0;0;50,0;233;0;0;0;0;0;20,9;3,7;50;53;#####;00000000 00000000;01000100 00000000;53,7;231;0;0;0;0;0;0;0;MAN
-244;Time Stamp;18.06.2002;08:00:00;1609;0,00; ;0;0;0;50,0;233;0;0;0;0;0;20,9;3,7;50;53;#####;00000000 00000000;01000100 00000000;53,6;230;0;0;0;0;0;0;0;MAN
-245;Time Stamp;18.06.2002;07:00:00;1605;0,00; ;0;0;0;50,0;231;0;0;0;0;0;20,9;3,7;50;53;#####;00000000 00000000;01000100 00000000;53,5;228;0;0;0;0;0;0;0;MAN
-246;Time Stamp;18.06.2002;06:00:00;1606;0,00; ;0;0;0;50,0;233;0;0;0;0;0;20,9;3,7;50;53;#####;00000000 00000000;01000100 00000000;53,5;232;0;0;0;0;0;0;0;MAN
-247;Time Stamp;18.06.2002;05:00:00;1618;0,00; ;0;0;0;50,0;231;0;0;0;0;0;20,9;3,7;50;53;#####;00000000 00000000;01000100 00000000;54,0;227;0;0;0;0;0;0;0;MAN
-248;Time Stamp;18.06.2002;04:00:00;1617;0,00; ;0;0;0;50,0;233;0;0;0;0;0;20,9;3,7;50;53;#####;00000000 00000000;01000100 00000000;53,9;232;0;0;0;0;0;0;0;MAN
-249;Time Stamp;18.06.2002;03:00:00;1617;0,00; ;0;0;0;50,0;230;0;0;0;0;0;20,9;3,7;50;53;#####;00000000 00000000;01000100 00000000;53,9;227;0;0;0;0;0;0;0;MAN
-250;Time Stamp;18.06.2002;02:00:00;1616;0,00; ;0;0;0;50,0;230;0;0;0;0;0;20,9;3,7;50;53;#####;00000000 00000000;01000100 00000000;53,9;227;0;0;0;0;0;0;0;MAN
-251;Time Stamp;18.06.2002;01:00:00;1616;0,00; ;0;0;0;50,0;232;0;0;0;0;0;20,9;3,7;50;53;#####;00000000 00000000;01000100 00000000;53,9;228;0;0;0;0;0;0;0;MAN
-252;Time Stamp;18.06.2002;00:00:00;1615;0,00; ;0;0;0;49,9;233;0;0;0;0;0;20,9;3,7;50;53;#####;00000000 00000000;01000100 00000000;53,8;231;0;0;0;0;0;0;0;MAN
-253;Time Stamp;17.06.2002;23:00:00;1614;0,00; ;0;0;0;50,0;231;0;0;0;0;0;20,9;3,7;50;53;#####;00000000 00000000;01000100 00000000;53,8;230;0;0;0;0;0;0;0;MAN
-254;Time Stamp;17.06.2002;22:00:00;1614;0,00; ;0;0;0;50,1;232;0;0;0;0;0;20,9;3,7;50;53;#####;00000000 00000000;01000100 00000000;53,8;231;0;0;0;0;0;0;0;MAN
-255;Time Stamp;17.06.2002;21:00:00;1614;0,00; ;0;0;0;50,0;233;0;0;0;0;0;20,9;3,7;50;53;#####;00000000 00000000;01000100 00000000;53,8;230;0;0;0;0;0;0;0;MAN
-256;Time Stamp;17.06.2002;20:00:00;1614;0,00; ;0;0;0;50,0;231;0;0;0;0;0;20,9;3,7;50;53;#####;00000000 00000000;01000100 00000000;53,8;228;0;0;0;0;0;0;0;MAN
-257;Time Stamp;17.06.2002;19:00:00;1614;0,00; ;0;0;0;50,0;231;0;0;0;0;0;20,9;3,7;50;53;#####;00000000 00000000;01000100 00000000;53,8;230;0;0;0;0;0;0;0;MAN
-258;Time Stamp;17.06.2002;18:00:00;1614;0,00; ;0;0;0;50,0;233;0;0;0;0;0;20,9;3,7;50;53;#####;00000000 00000000;01000100 00000000;53,8;230;0;0;0;0;0;0;0;MAN
-259;Time Stamp;17.06.2002;17:00:00;1614;0,00; ;0;0;0;50,0;233;0;0;0;0;0;20,9;3,7;50;53;#####;00000000 00000000;01000100 00000000;53,8;232;0;0;0;0;0;0;0;MAN
-260;Time Stamp;17.06.2002;16:00:00;1614;0,00; ;0;0;0;50,1;231;0;0;0;0;0;20,9;3,7;50;53;#####;00000000 00000000;01000100 00000000;53,8;228;0;0;0;0;0;0;0;MAN
-261;Time Stamp;17.06.2002;15:00:00;1614;0,00; ;0;0;0;50,0;230;0;0;0;0;0;20,9;3,7;50;53;#####;00000000 00000000;01000100 00000000;53,8;227;0;0;0;0;0;0;0;MAN
-262;Time Stamp;17.06.2002;14:00:00;1614;0,00; ;0;0;0;50,0;232;0;0;0;0;0;20,9;3,7;50;53;#####;00000000 00000000;01000100 00000000;53,8;227;0;0;0;0;0;0;0;MAN
-263;Time Stamp;17.06.2002;13:00:00;1614;0,00; ;0;0;0;50,0;233;0;0;0;0;0;20,9;3,7;50;53;#####;00000000 00000000;01000100 00000000;53,8;231;0;0;0;0;0;0;0;MAN
-264;Time Stamp;17.06.2002;12:00:00;1614;0,00; ;0;0;0;50,0;233;0;0;0;0;0;20,9;3,7;50;53;#####;00000000 00000000;01000100 00000000;53,8;230;0;0;0;0;0;0;0;MAN
-265;Time Stamp;17.06.2002;11:00:00;1613;0,00; ;0;0;0;50,0;231;0;0;0;0;0;20,9;3,7;50;53;#####;00000000 00000000;01000100 00000000;53,8;228;0;0;0;0;0;0;0;MAN
-266;Time Stamp;17.06.2002;10:00:00;1612;0,00; ;0;0;0;50,1;230;0;0;0;0;0;20,9;3,7;50;53;#####;00000000 00000000;01000100 00000000;53,8;227;0;0;0;0;0;0;0;MAN
-267;Time Stamp;17.06.2002;09:00:00;1611;0,00; ;0;0;0;50,0;234;0;0;0;0;0;20,9;3,7;50;53;#####;00000000 00000000;01000100 00000000;53,7;231;0;0;0;0;0;0;0;MAN
-268;Time Stamp;17.06.2002;08:00:00;1610;0,00; ;0;0;0;50,0;233;0;0;0;0;0;20,9;3,7;50;53;#####;00000000 00000000;01000100 00000000;53,6;230;0;0;0;0;0;0;0;MAN
-269;Time Stamp;17.06.2002;07:00:00;1607;0,00; ;0;0;0;50,1;230;0;0;0;0;0;20,9;3,7;50;53;#####;00000000 00000000;01000100 00000000;53,6;227;0;0;0;0;0;0;0;MAN
-270;Time Stamp;17.06.2002;06:00:00;1604;0,00; ;0;0;0;50,0;232;0;0;0;0;0;20,9;3,7;49;53;#####;00000000 00000000;01000100 00000000;53,5;229;0;0;0;0;0;0;0;MAN
-271;Time Stamp;17.06.2002;05:00:00;1609;0,00; ;0;0;0;50,0;232;0;0;0;0;0;20,8;3,7;50;53;#####;00000000 00000000;01000100 00000000;53,7;228;0;0;0;0;0;0;0;MAN
-272;Running;17.06.2002;04:14:51;1626;0,00; ;0;0;0;50,0;230;0;0;0;0;0;20,8;3,7;50;53;#####;00000000 00000000;01000000 00000000;54,2;227;0;0;0;0;0;0;0;MAN
-273;Idle Run;17.06.2002;04:14:39;524;0,00; ;0;0;0;50,0;234;0;0;0;0;0;20,8;3,7;50;53;#####;00000000 00000000;01000000 00000000;0,0;195;0;0;0;0;0;0;0;MAN
-274;Manual Start;17.06.2002;04:14:37;0;0,00; ;0;0;0;50,0;232;0;0;0;0;0;20,8;3,7;50;53;#####;00000000 00000000;00000000 00000000;0,0;0;0;0;0;0;0;0;0;MAN
-275;Terminal;17.06.2002;04:14:37;T=CELL 2 Start command
-276;Ready;16.06.2002;07:24:56;0;0,00; ;0;0;0;50,0;232;0;0;0;0;0;21,0;3,7;50;54;#####;00000000 00000000;00000010 00000000;0,0;0;0;0;0;0;0;0;0;MAN
-277;Fault reset;16.06.2002;07:24:55;0;0,00; ;0;0;0;50,0;232;0;0;0;0;0;21,0;3,7;50;54;#####;00000000 00000000;00000010 00000000;0,0;0;0;0;0;0;0;0;0;MAN
-278;Terminal;16.06.2002;07:24:55;T=CELL 1 FaultReset command
-279;Not Ready;16.06.2002;07:11:24;0;0,00; ;0;0;0;50,0;232;0;0;0;0;0;21,0;3,7;49;54;#####;00000000 00000000;00000010 00000000;0,0;0;0;0;0;0;0;0;0;MAN
-280;GCB Opened;16.06.2002;07:11:22;360;0,00; ;0;0;0;50,0;235;0;0;0;0;0;21,1;3,7;49;54;#####;00000000 00000000;00000010 00000000;13,2;168;0;0;0;0;0;0;0;MAN
-281;Gen-set Stop;16.06.2002;07:11:22;374;0,00; ;0;0;0;50,0;222;0;0;0;0;0;21,1;3,7;49;54;#####;00000000 00000000;01100100 00000000;13,8;166;0;0;0;0;0;0;0;MAN
-282;Sd Underspeed;16.06.2002;07:11:22;374;0,00; ;0;0;0;50,0;222;0;0;0;0;0;21,1;3,7;49;54;#####;00000000 00000000;01100100 00000000;13,8;166;0;0;0;0;0;0;0;MAN
-283;Running;16.06.2002;07:09:44;1611;0,00; ;0;0;0;50,0;232;0;0;0;0;0;21,0;3,7;49;54;#####;00000000 00000000;01000000 00000000;53,7;231;0;0;0;0;0;0;0;MAN
-284;Idle Run;16.06.2002;07:09:32;403;0,00; ;0;0;0;50,0;227;0;0;0;0;0;21,0;3,7;49;54;#####;00000000 00000000;11000000 00000000;0,0;164;0;0;0;0;0;0;0;MAN
-285;Manual Start;16.06.2002;07:09:30;0;0,00; ;0;0;0;50,0;232;0;0;0;0;0;21,0;3,7;49;54;#####;00000000 00000000;00000000 00000000;0,0;0;0;0;0;0;0;0;0;MAN
-286;Terminal;16.06.2002;07:09:30;T=CELL 1 Start command
-287;Fault reset;16.06.2002;07:07:57;0;0,00; ;0;0;0;50,0;232;0;0;0;0;0;21,0;3,7;49;54;#####;00000000 00000000;00000010 00000000;0,0;0;0;0;0;0;0;0;0;MAN
-288;Terminal;16.06.2002;07:07:57;T=CELL 2 FaultReset command
-289;Ready;16.06.2002;07:07:18;0;0,00; ;0;0;0;50,0;232;0;0;0;0;0;21,0;3,7;49;54;#####;00000000 00000000;00000010 00000000;0,0;0;0;0;0;0;0;0;0;MAN
-290;SetpointChange;16.06.2002;07:07:17;T=CELL 2 CON(8315)=1
-291;Wrn MCB Fail;16.06.2002;07:05:37;0;0,00; ;0;0;0;50,0;232;0;0;0;0;0;21,0;3,7;49;54;#####;00000000 00000000;00010000 00000000;0,0;0;0;0;0;0;0;0;0;OFF
-292;Not Ready;16.06.2002;07:05:34;0;0,00; ;0;0;0;50,0;232;0;0;0;0;0;21,0;3,7;49;54;#####;00000000 00000000;00010000 00000000;0,0;0;0;0;0;0;0;0;0;OFF
-293;SetpointChange;16.06.2002;07:05:31;T=CELL 1 CON(8315)=0
-294;Terminal;16.06.2002;07:05:31;T=CELL 1 Start command
-295;Manual Start;16.06.2002;07:05:30;0;0,00; ;0;0;0;50,0;232;0;0;0;0;0;21,0;3,7;49;54;#####;00000000 00000000;00000000 00000000;0,0;0;0;0;0;0;0;0;0;MAN
-296;Terminal;16.06.2002;07:05:30;T=CELL 1 Start command
-297;Ready;16.06.2002;07:04:33;0;0,00; ;0;0;0;50,0;232;0;0;0;0;0;21,0;3,7;49;54;#####;00000000 00000000;00000000 00000000;0,0;0;0;0;0;0;0;0;0;MAN
-298;Terminal;16.06.2002;07:04:31;T=CELL 2 Stop command
-299;Ready;16.06.2002;07:04:05;0;0,00; ;0;0;0;50,0;232;0;0;0;0;0;21,0;3,7;49;54;#####;00000000 00000000;00000000 00000000;0,0;0;0;0;0;0;0;0;0;MAN
-300;Manual Stop;16.06.2002;07:04:00;1615;0,00; ;0;0;0;50,0;233;0;0;0;0;0;21,0;3,7;49;54;#####;00000000 00000000;01000000 00000000;53,8;230;0;0;0;0;0;0;0;MAN
-301;Cooling;16.06.2002;07:03:30;1607;0,00; ;0;0;0;50,0;233;0;0;0;0;0;21,0;3,7;49;54;#####;00000000 00000000;01000100 00000000;53,5;230;0;0;0;0;0;0;0;MAN
-302;Terminal;16.06.2002;07:03:30;T=CELL 1 Stop command
-303;GCB Opened;16.06.2002;07:02:51;1129;0,00; ;0;0;0;50,0;233;0;0;0;0;0;21,0;3,7;49;54;#####;00000000 00000000;01000000 00000000;36,8;239;0;0;0;0;0;0;0;MAN
-304;Time Stamp;16.06.2002;07:00:00;1607;0,00; ;0;0;0;50,0;234;0;0;0;0;0;21,0;3,7;49;54;#####;00000000 00000000;01000100 00000000;53,5;230;0;0;0;0;0;0;0;MAN
-305;Time Stamp;16.06.2002;06:00:00;1601;0,00; ;0;0;0;50,0;232;0;0;0;0;0;21,0;3,7;49;54;#####;00000000 00000000;01000100 00000000;53,4;230;0;0;0;0;0;0;0;MAN
-306;Time Stamp;16.06.2002;05:00:00;1611;0,00; ;0;0;0;50,0;233;0;0;0;0;0;21,0;3,7;50;54;#####;00000000 00000000;01000100 00000000;53,7;231;0;0;0;0;0;0;0;MAN
-307;Time Stamp;16.06.2002;04:00:00;1617;0,00; ;0;0;0;50,0;232;0;0;0;0;0;21,0;3,7;50;54;#####;00000000 00000000;01000100 00000000;53,9;229;0;0;0;0;0;0;0;MAN
-308;Time Stamp;16.06.2002;03:00:00;1617;0,00; ;0;0;0;50,0;231;0;0;0;0;0;21,0;3,7;50;54;#####;00000000 00000000;01000100 00000000;53,9;230;0;0;0;0;0;0;0;MAN
-309;Time Stamp;16.06.2002;02:00:00;1616;0,00; ;0;0;0;50,0;231;0;0;0;0;0;21,0;3,7;50;54;#####;00000000 00000000;01000100 00000000;53,9;229;0;0;0;0;0;0;0;MAN
-310;Time Stamp;16.06.2002;01:00:00;1615;0,00; ;0;0;0;50,0;232;0;0;0;0;0;21,0;3,7;49;54;#####;00000000 00000000;01000100 00000000;53,8;231;0;0;0;0;0;0;0;MAN
-311;Time Stamp;16.06.2002;00:00:00;1616;0,00; ;0;0;0;50,0;230;0;0;0;0;0;21,0;3,7;49;54;#####;00000000 00000000;01000100 00000000;53,9;228;0;0;0;0;0;0;0;MAN
-312;Time Stamp;15.06.2002;23:00:00;1616;0,00; ;0;0;0;50,0;233;0;0;0;0;0;21,0;3,7;49;54;#####;00000000 00000000;01000100 00000000;53,9;231;0;0;0;0;0;0;0;MAN
-313;Time Stamp;15.06.2002;22:00:00;1615;0,00; ;0;0;0;50,0;233;0;0;0;0;0;21,0;3,7;49;54;#####;00000000 00000000;01000100 00000000;53,8;229;0;0;0;0;0;0;0;MAN
-314;Time Stamp;15.06.2002;21:00:00;1614;0,00; ;0;0;0;50,0;232;0;0;0;0;0;21,0;3,7;50;54;#####;00000000 00000000;01000100 00000000;53,8;230;0;0;0;0;0;0;0;MAN
-315;Time Stamp;15.06.2002;20:00:00;1615;0,00; ;0;0;0;50,0;231;0;0;0;0;0;21,0;3,7;49;54;#####;00000000 00000000;01000100 00000000;53,9;230;0;0;0;0;0;0;0;MAN
-316;Time Stamp;15.06.2002;19:00:00;1615;0,00; ;0;0;0;50,0;232;0;0;0;0;0;21,0;3,7;49;54;#####;00000000 00000000;01000100 00000000;53,8;230;0;0;0;0;0;0;0;MAN
-317;Time Stamp;15.06.2002;18:00:00;1615;0,00; ;0;0;0;50,0;231;0;0;0;0;0;21,0;3,7;49;54;#####;00000000 00000000;01000100 00000000;53,9;229;0;0;0;0;0;0;0;MAN
-318;Time Stamp;15.06.2002;17:00:00;1615;0,00; ;0;0;0;50,0;231;0;0;0;0;0;21,0;3,7;49;54;#####;00000000 00000000;01000100 00000000;53,8;230;0;0;0;0;0;0;0;MAN
-319;Time Stamp;15.06.2002;16:00:00;1614;0,00; ;0;0;0;50,1;232;0;0;0;0;0;21,0;3,7;49;54;#####;00000000 00000000;01000100 00000000;53,8;230;0;0;0;0;0;0;0;MAN
-320;Time Stamp;15.06.2002;15:00:00;1614;0,00; ;0;0;0;50,0;231;0;0;0;0;0;21,0;3,7;49;54;#####;00000000 00000000;01000100 00000000;53,8;227;0;0;0;0;0;0;0;MAN
-321;Time Stamp;15.06.2002;14:00:00;1614;0,00; ;0;0;0;50,0;233;0;0;0;0;0;21,0;3,7;49;54;#####;00000000 00000000;01000100 00000000;53,8;230;0;0;0;0;0;0;0;MAN
-322;Time Stamp;15.06.2002;13:00:00;1614;0,00; ;0;0;0;50,1;230;0;0;0;0;0;21,0;3,7;49;54;#####;00000000 00000000;01000100 00000000;53,8;227;0;0;0;0;0;0;0;MAN
-323;Time Stamp;15.06.2002;12:00:00;1614;0,00; ;0;0;0;50,0;233;0;0;0;0;0;21,0;3,7;49;54;#####;00000000 00000000;01000100 00000000;53,8;230;0;0;0;0;0;0;0;MAN
-324;Time Stamp;15.06.2002;11:00:00;1614;0,00; ;0;0;0;50,0;233;0;0;0;0;0;21,0;3,7;50;54;#####;00000000 00000000;01000100 00000000;53,8;230;0;0;0;0;0;0;0;MAN
-325;Time Stamp;15.06.2002;10:00:00;1614;0,00; ;0;0;0;50,0;233;0;0;0;0;0;21,0;3,7;50;54;#####;00000000 00000000;01000100 00000000;53,8;229;0;0;0;0;0;0;0;MAN
-326;Time Stamp;15.06.2002;09:00:00;1613;0,00; ;0;0;0;50,1;230;0;0;0;0;0;21,0;3,7;50;54;#####;00000000 00000000;01000100 00000000;53,8;228;0;0;0;0;0;0;0;MAN
-327;Time Stamp;15.06.2002;08:00:00;1611;0,00; ;0;0;0;50,0;232;0;0;0;0;0;21,0;3,7;50;54;#####;00000000 00000000;01000100 00000000;53,7;231;0;0;0;0;0;0;0;MAN
-328;Time Stamp;15.06.2002;07:00:00;1612;0,00; ;0;0;0;50,0;233;0;0;0;0;0;21,0;3,7;50;54;#####;00000000 00000000;01000100 00000000;53,7;231;0;0;0;0;0;0;0;MAN
-329;Time Stamp;15.06.2002;06:00:00;1611;0,00; ;0;0;0;50,0;231;0;0;0;0;0;21,0;3,7;50;54;#####;00000000 00000000;01000100 00000000;53,7;230;0;0;0;0;0;0;0;MAN
-330;Time Stamp;15.06.2002;05:00:00;1612;0,00; ;0;0;0;50,0;231;0;0;0;0;0;21,0;3,7;50;54;#####;00000000 00000000;01000100 00000000;53,8;227;0;0;0;0;0;0;0;MAN
-331;Time Stamp;15.06.2002;04:00:00;1615;0,00; ;0;0;0;50,1;230;0;0;0;0;0;21,0;3,7;50;54;#####;00000000 00000000;01000100 00000000;53,8;228;0;0;0;0;0;0;0;MAN
-332;Time Stamp;15.06.2002;03:00:00;1614;0,00; ;0;0;0;50,0;230;0;0;0;0;0;21,0;3,7;50;54;#####;00000000 00000000;01000100 00000000;53,8;227;0;0;0;0;0;0;0;MAN
-333;Time Stamp;15.06.2002;02:00:00;1611;0,00; ;0;0;0;50,0;230;0;0;0;0;0;21,0;3,7;50;54;#####;00000000 00000000;01000100 00000000;53,7;229;0;0;0;0;0;0;0;MAN
-334;Time Stamp;15.06.2002;01:00:00;1614;0,00; ;0;0;0;50,0;232;0;0;0;0;0;21,0;3,7;50;54;#####;00000000 00000000;01000100 00000000;53,8;232;0;0;0;0;0;0;0;MAN
-335;Running;15.06.2002;00:12:16;1630;0,00; ;0;0;0;50,0;230;0;0;0;0;0;21,0;3,7;50;54;#####;00000000 00000000;01000000 00000000;54,4;227;0;0;0;0;0;0;0;MAN
-336;Idle Run;15.06.2002;00:12:04;518;0,00; ;0;0;0;50,0;229;0;0;0;0;0;21,0;3,7;50;54;#####;00000000 00000000;01000000 00000000;0,0;198;0;0;0;0;0;0;0;MAN
-337;Manual Start;15.06.2002;00:12:01;0;0,00; ;0;0;0;50,0;231;0;0;0;0;0;21,0;3,7;50;54;#####;00000000 00000000;00000000 00000000;0,0;0;0;0;0;0;0;0;0;MAN
-338;Terminal;15.06.2002;00:12:01;T=CELL 1 Start command
-339;Ready;14.06.2002;02:36:21;0;0,00; ;0;0;0;50,0;231;0;0;0;0;0;21,1;3,7;50;53;#####;00000000 00000000;00000010 00000000;0,0;0;0;0;0;0;0;0;0;MAN
-340;Fault reset;14.06.2002;02:36:21;0;0,00; ;0;0;0;50,0;231;0;0;0;0;0;21,1;3,7;50;53;#####;00000000 00000000;00000010 00000000;0,0;0;0;0;0;0;0;0;0;MAN
-341;Terminal;14.06.2002;02:36:21;T=CELL 1 FaultReset command
-342;Not Ready;14.06.2002;02:06:01;0;0,00; ;0;0;0;50,0;231;0;0;0;0;0;21,1;3,7;50;54;#####;00000000 00000000;00000010 00000000;0,0;0;0;0;0;0;0;0;0;MAN
-343;GCB Opened;14.06.2002;02:05:58;308;0,00; ;0;0;0;50,0;232;0;0;0;0;0;21,1;3,7;50;54;#####;00000000 00000000;00000010 00000000;12,5;135;0;0;0;0;0;0;0;MAN
-344;Gen-set Stop;14.06.2002;02:05:58;348;0,00; ;0;0;0;50,0;233;0;0;0;0;0;21,1;3,7;50;54;#####;00000000 00000000;01100100 00000000;12,9;159;0;0;0;0;0;0;0;MAN
-345;Sd Underspeed;14.06.2002;02:05:58;365;0,00; ;0;0;0;50,0;233;0;0;0;0;0;21,1;3,7;50;54;#####;00000000 00000000;01100100 00000000;13,3;168;0;0;0;0;0;0;0;MAN
-346;Running;14.06.2002;02:05:16;1626;0,00; ;0;0;0;50,0;230;0;0;0;0;0;21,1;3,7;50;54;#####;00000000 00000000;01000000 00000000;54,2;227;0;0;0;0;0;0;0;MAN
-347;Idle Run;14.06.2002;02:05:04;519;0,00; ;0;0;0;50,1;230;0;0;0;0;0;21,1;3,7;50;54;#####;00000000 00000000;01000000 00000000;0,0;196;0;0;0;0;0;0;0;MAN
-348;Manual Start;14.06.2002;02:05:01;0;0,00; ;0;0;0;50,0;231;0;0;0;0;0;21,1;3,7;50;54;#####;00000000 00000000;00000000 00000000;0,0;0;0;0;0;0;0;0;0;MAN
-349;Terminal;14.06.2002;02:05:01;T=CELL 1 Start command
